id,name,type,start,year,exit,sex,age,category,winner,instagram
5GJ,5 gegen Jauch,2,99,99,99,99,99,6,99,99
5SFL,5 Senses for Love,2,99,99,99,99,99,1,99,99
AFS,Auf fremden Sofas,2,99,99,99,99,99,2,99,99
AYTO,Are You The One,2,99,99,99,99,99,1,99,99
B1,Bachelor,2,99,99,99,99,99,1,99,99
B2,Bachelorette,2,99,99,99,99,99,1,99,99
BATN,Beauty and the Nerd,2,99,99,99,99,99,1,99,99
BB,Big Brother,2,99,99,99,99,99,2,99,99
BuBa,Buchstaben Battle,2,99,99,99,99,99,6,99,99
BIP,Bachelor in Paradise,2,99,99,99,99,99,1,99,99
BISA,Bin ich schlauer als,2,99,99,99,99,99,6,99,99
BOK,Blamieren oder Kassieren,2,99,99,99,99,99,6,99,99
BS,Bachelor Schweiz,2,99,99,99,99,99,1,99,99
BSF,Bauer sucht Frau,2,99,99,99,99,99,1,99,99
BTB,Beat the Box,2,99,99,99,99,99,6,99,99
C,Catch,2,99,99,99,99,99,7,99,99
CC,Couple Challenge,2,99,99,99,99,99,1,99,99
CDGL,Club der guten Laune,2,99,99,99,99,99,2,99,99
D25,Die 25,2,99,99,99,99,99,8,99,99
D80S,Die 80er Show,2,99,99,99,99,99,8,99,99
DC,Dschungelcamp,2,99,99,99,99,99,2,99,99
DGD,Die große Dschungelshow,2,99,99,99,99,99,2,99,99
DGPB,Das große Promi Bueßen,2,99,99,99,99,99,2,99,99
DGPBa,Das große Promi Backen,2,99,99,99,99,99,3,99,99
DOI,Dancing on Ice,2,99,99,99,99,99,3,99,99
DS,Die Superhaendler,2,99,99,99,99,99,8,99,99
DST,Das Supertalent,2,99,99,99,99,99,3,99,99
DSWNWP,Denn sie wissen nicht was passiert,2,99,99,99,99,99,6,99,99
DUC,Die Ultimative Chartshow,2,99,99,99,99,99,8,99,99
EB,Ex on the Beach,2,99,99,99,99,99,1,99,99
FB,Fort Boyard,2,99,99,99,99,99,6,99,99
FD,First Dates,2,99,99,99,99,99,1,99,99
FDi,Fitness Diaries,2,99,99,99,99,99,7,99,99
FDS,Festspiele der Stars,2,99,99,99,99,99,6,99,99
GDH,Grill den Henssler,2,99,99,99,99,99,3,99,99
GDP,Grill den Profi,2,99,99,99,99,99,3,99,99
GN,Genial Daneben,2,99,99,99,99,99,6,99,99
GNTM,Germanys Next Topmodel,2,99,99,99,99,99,3,99,99
GTFOOMH,Get the Fuck out of my house,2,99,99,99,99,99,2,99,99
GZSZ,Gute Zeiten Schlechte Zeiten,2,99,99,99,99,99,5,99,99
HADEB,Hochzeit auf den ersten Blick,2,99,99,99,99,99,1,99,99
HIE,Hebammen im Einsatz,2,99,99,99,99,99,8,99,99
HOS,Hot oder Schrott,2,99,99,99,99,99,8,99,99
JTOU,Just Tattoo Of Us,2,99,99,99,99,99,8,99,99
K50667,Koeln 50667,2,99,99,99,99,99,5,99,99
KRS,Kampf der Reality Stars,2,99,99,99,99,99,2,99,99
KSDJL,Krass Schule Die jungen Lehrer,2,99,99,99,99,99,5,99,99
KT,Koelner Treff,2,99,99,99,99,99,4,99,99
LD,Lets Dance,2,99,99,99,99,99,3,99,99
LGN,Luke Die Greatnightshow,2,99,99,99,99,99,8,99,99
LI,Love Island,2,99,99,99,99,99,1,99,99
LS,Lucky Stars,2,99,99,99,99,99,6,99,99
MBDA,Mario Barth deckt auf,2,99,99,99,99,99,8,99,99
MDBFUI,Mein Date bester Freunde und ich,2,99,99,99,99,99,1,99,99
MLFL,Make Love Fake Love,2,99,99,99,99,99,1,99,99
MM,Murmel Mania,2,99,99,99,99,99,6,99,99
MOM,Milf oder Missy,2,99,99,99,99,99,1,99,99
MPAD,Match Promis auf Datingkurs,2,99,99,99,99,99,1,99,99
NW,Ninja Warrior,2,99,99,99,99,99,7,99,99
P,Playboy,2,99,99,99,99,99,8,99,99
PB,Promi Boxen Sat 1,2,99,99,99,99,99,7,99,99
PBB,Promi Big Brother,2,99,99,99,99,99,2,99,99
PC,Prince Charming,2,99,99,99,99,99,1,99,99
PG,Prominent getrennt,2,99,99,99,99,99,1,99,99
PGE,Pocher Gefaehrlich ehrlich,2,99,99,99,99,99,8,99,99
PIP,Pretty in Pluesch,2,99,99,99,99,99,3,99,99
PPD,Perfektes Promi Dinner,2,99,99,99,99,99,3,99,99
PSQ,Promi Shopping Queen,2,99,99,99,99,99,8,99,99
PUP,Promis unter Palmen,2,99,99,99,99,99,2,99,99
PVM,Die grosse ProSieben Voelkerball Meisterschaft,2,99,99,99,99,99,7,99,99
PWG,ProSieben Wintergames,2,99,99,99,99,99,7,99,99
RTLS,RTL Sommerspiele,2,99,99,99,99,99,7,99,99
SDS,Sommerhaus der Stars,2,99,99,99,99,99,2,99,99
SDS1,Schlag den Star,2,99,99,99,99,99,6,99,99
SIDM,Stars in der Manege,2,99,99,99,99,99,3,99,99
SS,Selling Sunset,2,99,99,99,99,99,2,99,99
STV,Stern TV,2,99,99,99,99,99,4,99,99
SYS,Style your Star,2,99,99,99,99,99,8,99,99
taff,taff,2,99,99,99,99,99,4,99,99
TBL,The Biggest Loser,2,99,99,99,99,99,7,99,99
TFG,Taeglich frisch geroestet,2,99,99,99,99,99,8,99,99
TI,Temptation Island,2,99,99,99,99,99,1,99,99
TMO,Take me out,2,99,99,99,99,99,1,99,99
TSB,Topf Sucht Burdecki,2,99,99,99,99,99,1,99,99
TW,The Wheel,2,99,99,99,99,99,6,99,99
VSS,Verstehen Sie Spaß,2,99,99,99,99,99,8,99,99
WWM,Wer wird Millionaer,2,99,99,99,99,99,6,99,99
ZUDS,Zeig uns deine Stimme,2,99,99,99,99,99,6,99,99
AlPe,Alexander Peplinski,1,Bachelorette,2015,8,2,29,99,1,3
AliPe,Alisa Persch,1,Bachelorette,2015,10,1,27,99,1,1
AlTz,Alexandra Tzimas,1,Bachelor,2015,4,1,22,99,1,1
AnKu,Annamaria Kun,1,Bachelor,2015,3,1,26,99,1,1
AnRo,Anica Roth,1,Bachelor,2015,6,1,27,99,1,2
CaEh,Carolin Ehrensberg,1,Bachelor,2015,8,1,22,99,1,1
ChWe,Christian Weisekopf,1,Bachelorette,2015,1,2,26,99,1,1
D,Dennis,1,Bachelorette,2015,3,2,36,99,1,1
DaMa,Daniel Mazzola,1,Bachelorette,2015,1,2,24,99,1,1
Dz,Deniz,1,Bachelorette,2015,3,2,27,99,1,1
FoKe,Florian Keck,1,Bachelorette,2015,5,2,27,99,1,3
FrWi,Frank Wilhelm,1,Bachelorette,2015,4,2,42,99,1,3
GoSe,Gordon Senger,1,Bachelorette,2015,4,2,32,99,1,1
HaKa,Hakan Kaveller,1,Bachelorette,2015,5,2,29,99,1,1
HiJaHu,Hina Jasmin Hussain,1,Bachelor,2015,1,1,23,99,1,3
JoPe,Joerg Petersen,1,Bachelorette,2015,5,2,29,99,1,1
KaRi,Karina Rifert,1,Bachelor,2015,4,1,27,99,1,2
KeBo,Kevin Borschers,1,Bachelorette,2015,4,2,24,99,1,1
La,Lara,1,Bachelor,2015,1,1,25,99,1,1
LaKu,Lars Kueckelhahn,1,Bachelorette,2015,1,2,29,99,1,1
LiBiBr,Lisa Bienefeld Brands,1,Bachelor,2015,1,1,23,99,1,1
LiKa,Liz Kaeber,1,Bachelor,2015,10,1,22,99,1,1
LiSc,Liesa Marie Schmidt,1,Bachelor,2015,4,1,21,99,1,1
MaBe,Mathias Becker,1,Bachelorette,2015,4,2,39,99,1,1
MaOs,Marvin Osei,1,Bachelorette,2015,2,2,20,99,1,1
MaRi,Mario Ringelmann,1,Bachelorette,2015,6,2,24,99,1,1
NaMe,Nadine Mayer,1,Bachelor,2015,1,1,24,99,1,1
NaSc,Natascha van Ingen Schenau,1,Bachelor,2015,5,1,27,99,1,1
NiNe,Nicola Neuer,1,Bachelor,2015,3,1,31,99,1,1
OlSa,Oliver Sanne,1,Bachelor,2015,10,2,28,99,1,1
PaCu,Patrick Cuninka,1,Bachelorette,2015,10,2,24,99,1,1
PaGiMa,Pamela Gil Mata,1,Bachelor,2015,2,1,25,99,1,1
PeCo,Petra Colafati,1,Bachelor,2015,3,1,26,99,1,4
PhSt,Philipp Stehler,1,Bachelorette,2015,7,2,27,99,1,1
RoSc,Robbin Schoettler,1,Bachelorette,2015,3,2,34,99,1,1
SaAb,Samantha Abdul,1,Bachelor,2015,5,1,25,99,1,1
SaGa,Samira Gabriel,1,Bachelor,2015,1,1,24,99,1,1
SaNo,Sarah Nowak,1,Bachelor,2015,7,1,23,99,1,4
Sc,Scharlen,1,Bachelor,2015,2,1,32,99,1,6
StBi,Stefan Bischoff,1,Bachelorette,2015,5,2,34,99,1,1
SuRe,Susanna Resnikova,1,Bachelor,2015,2,1,27,99,1,2
TiAd,Till Adam,1,Bachelorette,2015,2,2,26,99,3,1
YvDe,Yvonne Denz,1,Bachelor,2015,1,1,27,99,2,1
ZiAv,Zisan Avci,1,Bachelor,2015,5,1,24,99,3,2
AnKaBu,Ann Kathrin Burth,1,Bachelor,2016,5,1,24,99,2,2
AnKo,Annika Koerner,1,Bachelor,2016,1,1,28,99,1,1
CiRi,Cindy Riedel,1,Bachelor,2016,4,1,27,99,1,1
DaBu,Daniela Buchholz,1,Bachelor,2016,8,1,24,99,1,1
DeDi,Deborah Dietz,1,Bachelor,2016,1,1,27,99,1,1
DeTe,Denise Temlitz,1,Bachelor,2016,6,1,25,99,1,2
DiBa,Dina Babajic,1,Bachelor,2016,3,1,29,99,1,1
DoKo,Dominique Koerfer,1,Bachelor,2016,2,1,27,99,1,1
ElSt,Elvira Stanski,1,Bachelor,2016,1,1,21,99,1,2
FrMa,Franziska Maichle,1,Bachelor,2016,4,1,23,99,1,1
JaSo,Jasmin Somji,1,Bachelor,2016,5,1,34,99,1,1
KaHe,Kathrin Heidelbach,1,Bachelor,2016,3,1,27,99,1,1
LeFr,Leonard Freier,1,Bachelor,2016,10,2,31,99,1,2
LeRoGa,Leonie Rosella Gast,1,Bachelor,2016,7,1,22,99,1,1
LeSoPu,Leonie Sophia Pump,1,Bachelor,2016,10,1,25,99,1,3
MaSc,Marisa Schubert,1,Bachelor,2016,2,1,23,99,1,1
RoBe,Romina Beck,1,Bachelor,2016,2,1,21,99,1,1
SaAt,Saskia Atzerodt,1,Bachelor,2016,4,1,23,99,1,1
SaBr,Sandra Brexel,1,Bachelor,2016,4,1,23,99,1,1
SaSa,Sarah Sakowski,1,Bachelor,2016,1,1,22,99,1,4
StBl,Steffi Bluemel,1,Bachelor,2016,3,1,25,99,1,1
ViOt,Viviane Ottemann,1,Bachelor,2016,5,1,28,99,1,1
ViSt,Vivien Stiller,1,Bachelor,2016,1,1,21,99,3,3
AlCi,Alexandre Cira,1,Bachelorette,2017,1,2,32,99,2,1
AlHo,Alexander Hosse,1,Bachelorette,2017,3,2,26,99,1,1
AlMu,Alesa Music,1,Bachelor,2017,4,1,24,99,1,1
AnHe,Anna Henkel,1,Bachelor,2017,3,1,24,99,1,5
AnSe,Andre Senft,1,Bachelorette,2017,5,2,28,99,1,4
ArTi,Arnold Till,1,Bachelorette,2017,5,2,24,99,1,2
BaPa,Bastian Pauwels,1,Bachelorette,2017,4,2,34,99,1,2
CaLe,Caroline Leideritz,1,Bachelor,2017,3,1,28,99,1,1
CaSu,Cara Suckert,1,Bachelor,2017,5,1,23,99,1,1
ChW,Chloe W,1,Bachelor,2017,1,1,22,99,1,1
ClJu,Clea Lacy Juhn,1,Bachelor,2017,9,1,25,99,1,2
DaFr,David Friedrich,1,Bachelorette,2017,8,2,27,99,1,1
DoCi,Domenico de Cicco,1,Bachelorette,2017,6,2,34,99,1,1
ErDo,Erika Dorodnova,1,Bachelor,2017,8,1,25,99,1,1
EvBu,Evelyn Burdecki,1,Bachelor,2017,1,1,28,99,1,1
FaGi,Fabienne Gierke,1,Bachelor,2017,3,1,25,99,1,1
InSe,Inci Sencer,1,Bachelor,2017,6,1,23,99,1,1
JaJa,Janina Jaecke,1,Bachelor,2017,5,1,28,99,1,1
JaWa,Jana Wagner,1,Bachelor,2017,2,1,25,99,1,1
Je,Jens,1,Bachelorette,2017,2,2,25,99,1,1
JePa,Jessica Paszka,1,Bachelorette,2017,8,1,27,99,1,1
JoHa,Johannes Haller,1,Bachelorette,2017,7,2,29,99,1,1
JuDi,Julian Diebold,1,Bachelorette,2017,1,2,24,99,1,1
JuFr,Julia Friess,1,Bachelor,2017,5,1,27,99,1,4
JuPr,Julia Prokopy,1,Bachelor,2017,2,1,21,99,1,1
JuSa,Julian Sawatzki,1,Bachelorette,2017,1,2,26,99,1,1
KaVi,Kattia Vides,1,Bachelor,2017,6,1,26,99,1,1
LiSa,Lisa Marie Sauer,1,Bachelor,2017,1,1,22,99,1,2
LuWi,Lukasz Wis,1,Bachelorette,2017,3,2,25,99,1,1
Ma,Martin,1,Bachelorette,2017,2,2,25,99,1,2
MaCe,Marco Cerullo,1,Bachelorette,2017,5,2,28,99,1,1
ManSc,Manuel Scholl,1,Bachelorette,2017,3,2,29,99,1,4
MiBa,Michael Bauer,1,Bachelorette,2017,4,2,26,99,1,1
MiBo,Michael Boehm,1,Bachelorette,2017,2,2,25,99,1,4
NiSc,Niklas Schroeder,1,Bachelorette,2017,7,2,28,99,1,3
ReMa,Rene Machals,1,Bachelorette,2017,3,2,33,99,1,2
SaNe,Sabrina Neumann,1,Bachelor,2017,5,1,30,99,1,2
SeFo,Sebastian Fobe,1,Bachelorette,2017,6,2,31,99,1,4
SePa,Sebastian Pannek,1,Bachelor,2017,9,2,30,99,1,1
SiJo,Silvana Joppich,1,Bachelor,2017,4,1,33,99,1,2
SuSt,Susanne Strohmaier,1,Bachelor,2017,1,1,27,99,1,2
TiBu,Tina Bub,1,Bachelor,2017,2,1,23,99,2,4
TiSc,Tina Schuetzler,1,Bachelor,2017,4,1,26,99,3,5
ViKr,Viola Kraus,1,Bachelor,2017,7,1,26,99,2,4
AlHi,Alexander Hindersmann,1,Bachelorette,2018,10,2,29,99,3,4
AnJa,Andi Janzen,1,Bachelorette,2018,2,2,28,99,1,1
AlOc,Alina Ochs,1,Bachelor,2018,2,1,22,99,1,1
AmSp,Amelie Sperlich,1,Bachelor,2018,1,1,22,99,1,1
AnTe,Angie Teubner,1,Bachelor,2018,1,1,25,99,1,1
BrDw,Brian Dwyer,1,Bachelorette,2018,6,2,27,99,1,2
ChBr,Christina Braun,1,Bachelor,2018,3,1,28,99,1,1
ChKu,Chris Kunkel,1,Bachelorette,2018,6,2,28,99,1,1
CaSp,Carina Spack,1,Bachelor,2018,8,1,22,99,1,1
DaLo,Daniel Lott,1,Bachelorette,2018,8,2,28,99,1,1
DaRu,Dave Rupp,1,Bachelorette,2018,5,2,33,99,1,2
DeZr,Dennis Zrener,1,Bachelorette,2018,3,2,25,99,1,3
DaVo,Daniel Voelz,1,Bachelor,2018,10,2,33,99,1,2
EdMo,Edgar Mock,1,Bachelorette,2018,5,2,27,99,1,1
FiPa,Filip Pavlovic,1,Bachelorette,2018,7,2,24,99,1,2
JaAn,Janet Antas,1,Bachelor,2018,3,1,23,99,1,1
JaEl,Jan Elsigk,1,Bachelorette,2018,2,2,24,99,1,2
JaCeJa,Janina Celine Jahn,1,Bachelor,2018,4,1,23,99,1,1
JCW,Janine Christin Wallat,1,Bachelor,2018,7,1,23,99,1,2
JeNe,Jessica Neufeld,1,Bachelor,2018,7,1,24,99,1,3
JoAl,Jorgo Alatsas,1,Bachelorette,2018,5,2,30,99,1,4
JaWe,Janina Weschta,1,Bachelor,2018,5,1,24,99,1,4
KaSc,Kai Schrader,1,Bachelorette,2018,1,2,38,99,1,2
KePa,Kevin Pander,1,Bachelorette,2018,4,2,27,99,1,1
KrYa,Kristina Yantsen,1,Bachelor,2018,10,1,25,99,1,2
L,Luisa,1,Bachelor,2018,1,1,24,99,1,1
LiKo,Lina Kolodochka,1,Bachelor,2018,4,1,23,99,1,2
LiRa,Lisa Rautenberg,1,Bachelor,2018,1,1,23,99,1,5
MaDi,Manuel Dichtl,1,Bachelorette,2018,2,2,38,99,1,2
MaSa,Maxim Saschraj,1,Bachelorette,2018,6,2,29,99,1,1
MeEm,Meike Emonts,1,Bachelor,2018,4,1,26,99,1,2
MaHe,Maxime Herbord,1,Bachelor,2018,6,1,23,99,1,4
MiSc,Michelle Schellhaas,1,Bachelor,2018,4,1,22,99,1,4
NaKl,Nadine Klein,1,Bachelor,2018,5,1,32,99,1,4
RaRa,Rafi Rachek,1,Bachelorette,2018,4,2,28,99,1,1
RoPa,Roxana Papadie,1,Bachelor,2018,3,1,26,99,1,3
SaSc,Sascha Schmitz,1,Bachelorette,2018,1,2,39,99,1,4
SaKl,Samira Klampfl,1,Bachelor,2018,6,1,26,99,1,3
SoAl,Soeren Altmann,1,Bachelorette,2018,3,2,33,99,1,2
StGr,Stefan Gritzka,1,Bachelorette,2018,4,2,35,99,2,4
SVW,Svenja von Wrese,1,Bachelor,2018,9,1,21,99,3,4
VaVy,Vadim Vyskubov,1,Bachelorette,2018,1,2,27,99,3,3
YeKo,Yeliz Koc,1,Bachelor,2018,5,1,24,99,2,3
AnMa,Andrej Mangold,1,Bachelor,2019,10,2,31,99,1,1
AnOn,Andreas Ongemach,1,Bachelorette,2019,5,2,27,99,1,1
CeAs,Cecilia Asoro,1,Bachelor,2019,5,1,22,99,1,1
ChGr,Christina Grass,1,Bachelor,2019,5,1,30,99,1,1
ChHe,Christian Hesse,1,Bachelorette,2019,1,2,25,99,1,1
ClBe,Claudia Bergmann,1,Bachelor,2019,2,1,31,99,1,4
ClGo,Claudia Gottwald,1,Bachelor,2019,6,1,26,99,1,1
DaCh,Daniel Chytra,1,Bachelorette,2019,5,2,35,99,1,3
DaTa,David Taylor,1,Bachelorette,2019,6,2,24,99,1,3
ErPa,Ernestine Palmert,1,Bachelor,2019,5,1,26,99,1,2
EvBe,Eva Benetatou,1,Bachelor,2019,8,1,26,99,1,2
FaCa,Fabiano Carrozzo,1,Bachelorette,2019,2,2,29,99,1,2
FaHa,Fabio Halbreiter,1,Bachelorette,2019,2,2,29,99,1,2
FlHa,Florian Hausdorfer,1,Bachelorette,2019,6,2,24,99,1,1
GeLe,Gerda Lewis,1,Bachelorette,2019,10,1,26,99,1,1
HaKr,Harald Kremer,1,Bachelorette,2019,4,2,35,99,1,1
IsBe,Isabell Bernsee,1,Bachelor,2019,2,1,28,99,1,1
JaCl,Jan Classen,1,Bachelorette,2019,1,2,27,99,1,1
JaLa,Jasmin Lacuzzo,1,Bachelor,2019,1,1,25,99,1,2
JaUb,Jade Uebach,1,Bachelor,2019,7,1,24,99,1,2
JeLa,Jennifer Lange,1,Bachelor,2019,10,1,25,99,1,1
JoVo,Jonas Vonier,1,Bachelorette,2019,3,2,29,99,1,3
JuKa,Julia Jessica Karbownik,1,Bachelor,2019,1,1,26,99,1,4
KaKu,Karin Kufieta,1,Bachelor,2019,1,1,21,99,1,2
KeRu,Keno Ruest,1,Bachelorette,2019,10,2,27,99,1,2
KiSc,Kimberley Schulz,1,Bachelor,2019,4,1,25,99,1,2
LaHe,Lara Helmrich,1,Bachelor,2019,2,1,27,99,1,1
LuGo,Luca Gottzmann,1,Bachelorette,2019,4,2,25,99,1,2
LuHa,Luisa Haimann,1,Bachelor,2019,3,1,22,99,1,2
MaLa,Mariya Lazareva,1,Bachelor,2019,2,1,27,99,1,1
MaLo,Matin Looden,1,Bachelorette,2019,3,2,30,99,1,4
MaSchm,Marco Schmidt,1,Bachelorette,2019,7,2,26,99,1,3
MuSl,Mudi Sleiman,1,Bachelorette,2019,3,2,28,99,1,2
NaIl,Nadine Illa,1,Bachelor,2019,6,1,30,99,1,2
NaZe,Nathalie Zengin,1,Bachelor,2019,7,1,26,99,1,2
OgBa,Oggy Batar,1,Bachelorette,2019,5,2,27,99,1,4
SeMa,Sebastian Mansla,1,Bachelorette,2019,1,2,30,99,1,4
SeYa,Serkan Yavuz,1,Bachelorette,2019,6,2,26,99,1,3
StGe,Stefanie Gebhardt,1,Bachelor,2019,7,1,32,99,3,4
TiSt,Tim Stammberger,1,Bachelorette,2019,7,2,25,99,3,6
VaPr,Vanessa Prinz,1,Bachelor,2019,8,1,26,99,2,4
YaDa,Yannic Dammaschk,1,Bachelorette,2019,2,2,22,99,2,4